Name,Price,Image,Estimated,Code
Flubenvet Wormer - 1% » 60g Tub, £28.29, http://static2.viovet.co.uk/pi/image_import_1440774412.jpg, Estimated dispatch within 2 working days, 112791
Name,Price,Image,Estimated,Code
Vetark Avipro Plus - 100g Pot, £6.82, [ No Image ], Estimated dispatch within 2 working days, 113676
Vetark Avipro Plus - 300g Pot, £15.38, [ No Image ], Estimated dispatch within 2 working days, 113681
Vetark Avipro Plus - 1kg Tub, £46.75, [ No Image ], Estimated dispatch within 2 working days, 126087
Name,Price,Image,Estimated,Code
Verm-X Poultry and Duck & Fowl Wormer - Health Pack » Single Kit, £17.28, http://static2.viovet.co.uk/pi/image_import_1471507856.jpg, Estimated dispatch within 2 working days, 149140
Verm-X Poultry and Duck & Fowl Wormer - Special Offer Liquid » 250ml Bottle, £12.39, http://static2.viovet.co.uk/pi/image_import_1471507856.jpg, Estimated dispatch within 24 working hours, 121922
Verm-X Poultry and Duck & Fowl Wormer - Liquid » 500ml Bottle, £27.10, http://static2.viovet.co.uk/pi/image_import_1471507856.jpg, Estimated dispatch within 2 working days, 147754
Verm-X Poultry and Duck & Fowl Wormer - Liquid » 1 litre Bottle, £48.37, http://static2.viovet.co.uk/pi/image_import_1471507856.jpg, Estimated dispatch within 24 working hours, 147752
Verm-X Poultry and Duck & Fowl Wormer - Liquid » 5 litre Bottle, £200.32, http://static2.viovet.co.uk/pi/image_import_1471507856.jpg, Estimated dispatch within 2 working days, 147755
Name,Price,Image,Estimated,Code
Harkers Harka-Mectin - 5ml Bottle, £8.36, [ No Image ], Estimated dispatch within 2 working days, 118805
Name,Price,Image,Estimated,Code
Battles Poultry Spice - 450g Tub, £4.74, http://static2.viovet.co.uk/pi/image_import_1332495438.jpg, Estimated dispatch within 24 working hours, 131240
Battles Poultry Spice - 1.5kg Tub, £11.68, http://static1.viovet.co.uk/pi/image_import_1332495601.jpg, Estimated dispatch within 24 working hours, 131241
Battles Poultry Spice - 3kg Tub, £19.70, http://static1.viovet.co.uk/pi/image_import_1332495731.jpg, Estimated dispatch within 24 working hours, 131242
Name,Price,Image,Estimated,Code
Net-Tex Just For Scaly Legs on Poultry - 250ml Bottle, £6.05, http://static2.viovet.co.uk/pi/image_import_1472211072.jpg, Estimated dispatch within 2 working days, 127849
Name,Price,Image,Estimated,Code
Natures Grub Diatomaceous Earth - 200g Puffer Bottle, £2.81, [ No Image ], Estimated dispatch within 24 working hours, 147648
Name,Price,Image,Estimated,Code
Zolcal-D - 120ml Bottle, £6.59, http://static2.viovet.co.uk/pi/image_import_1470049456.jpg, Estimated dispatch within 2 working days, 142928
Name,Price,Image,Estimated,Code
Nutrobal - 50g Tub, £4.59, http://static1.viovet.co.uk/pi/image_import_1326981035.jpg, Estimated dispatch within 2 working days, 127056
Nutrobal - 100g Tub, £5.27, http://static2.viovet.co.uk/pi/image_import_1326980228.jpg, Estimated dispatch within 2 working days, 127057
Nutrobal - 250g Tub, £12.18, http://static2.viovet.co.uk/pi/image_import_1326980574.jpg, Estimated dispatch within 2 working days, 127058
Nutrobal - 1kg Tub, £43.18, http://static2.viovet.co.uk/pi/image_import_1326980310.jpg, Estimated dispatch within 2 working days, 127059
Name,Price,Image,Estimated,Code
Pharmaq Ivermectin Spot-On Drops - 0.1% Small Ornamental Birds » 10ml Bottle, £15.75, [ No Image ], Estimated dispatch within 2 working days, 149770
Pharmaq Ivermectin Spot-On Drops - 1% Large Ornamental Birds » 10ml Bottle, £29.30, [ No Image ], Estimated dispatch within 2 working days, 149771
Pharmaq Ivermectin Spot-On Drops - 1% Small Animals » 5ml Bottle, £18.50, [ No Image ], Estimated dispatch within 2 working days, 149772
Name,Price,Image,Estimated,Code
Nobilis Paramyxo Pigeon Vaccine - 80 Dose (20ml) Bottle, £23.49, http://static1.viovet.co.uk/pi/image_import_1478244098.JPG, Estimated dispatch within 2 working days, 136824
Name,Price,Image,Estimated,Code
Hatch Wells Granulated Charcoal - 150g Pot, £3.76, [ No Image ], Estimated dispatch within 2 working days, 131354
Name,Price,Image,Estimated,Code
Harkers Coxoid Treatment for Pigeons - 112ml Bottle, £5.98, http://static2.viovet.co.uk/pi/image_import_1469708706.jpg, Estimated dispatch within 2 working days, 118802
Harkers Coxoid Treatment for Pigeons - 500ml Bottle, £22.54, http://static1.viovet.co.uk/pi/image_import_1469708749.jpg, Estimated dispatch within 2 working days, 118830
Name,Price,Image,Estimated,Code
Barrier Livestock Louse Powder for Horses - Special Offer 500g Shaker, £8.49, [ No Image ], Estimated dispatch within 24 working hours, 128660
Barrier Livestock Louse Powder for Horses - Special Offer 5kg Tub, £63.27, [ No Image ], Estimated dispatch within 24 working hours, 128661
Name,Price,Image,Estimated,Code
Net-Tex Total Mite Kill - Liquid Concentrate » 500ml Bottle, £9.99, http://static1.viovet.co.uk/pi/image_import_1411381651.jpg, Estimated dispatch within 2 working days, 118260
Net-Tex Total Mite Kill - Powder » 200g Shaker, £4.36, http://static2.viovet.co.uk/pi/image_import_1411381744.jpg, Estimated dispatch within 2 working days, 127844
Net-Tex Total Mite Kill - Ready To Use » 750ml Spray, £8.75, http://static1.viovet.co.uk/pi/image_import_1411381835.jpg, Estimated dispatch within 24 working hours, 127845
Name,Price,Image,Estimated,Code
Net-Tex Probiotics And Seaweed Poultry Mineral Powder - 450g Tub, £5.00, [ No Image ], Estimated dispatch within 2 working days, 127858
Name,Price,Image,Estimated,Code
Equimins Cider Apple Vinegar for Poultry - 1 litre Bottle, £4.45, [ No Image ], Estimated dispatch within 24 working hours, 144428
Equimins Cider Apple Vinegar for Poultry - 2.5 litre Bottle, £8.56, [ No Image ], Estimated dispatch within 24 working hours, 144429
Equimins Cider Apple Vinegar for Poultry - 5 litre Bottle, £15.00, [ No Image ], Estimated dispatch within 24 working hours, 144430
Name,Price,Image,Estimated,Code
Irriclens Meds Wound Cleansing - 240ml Spray, £8.06, http://static2.viovet.co.uk/pi/image_import_1472546148.jpg, Estimated dispatch within 2 working days, 113366
Name,Price,Image,Estimated,Code
Verm-X Poultry Zest Condition Supplement - 500g Tub, £5.43, [ No Image ], Estimated dispatch within 2 working days, 149143
Verm-X Poultry Zest Condition Supplement - 1.5kg Tub, £16.32, [ No Image ], Estimated dispatch within 2 working days, 149141
Verm-X Poultry Zest Condition Supplement - 4kg Tub, £41.45, [ No Image ], Estimated dispatch within 24 working hours, 149142
Verm-X Poultry Zest Condition Supplement - 8kg Tub, £65.21, [ No Image ], Out of stock since Wed 12th Jun 2013, due back soon, 149144
Name,Price,Image,Estimated,Code
Johnson's Anti-Mite Extra - 150ml Spray, £3.79, [ No Image ], Estimated dispatch within 2 working days, 151296
Name,Price,Image,Estimated,Code
Beaphar Bird Parasite Treatments - Spot-On » For Large Birds (300 - 750g), £4.28, [ No Image ], Estimated dispatch within 2 working days, 133242
Beaphar Bird Parasite Treatments - Spot-On » For Medium Birds (50 - 300g), £3.44, [ No Image ], Estimated dispatch within 2 working days, 133243
Beaphar Bird Parasite Treatments - Spot-On » For Small Birds (20 - 50g), £2.91, [ No Image ], Estimated dispatch within 2 working days, 133244
Name,Price,Image,Estimated,Code
NAF Mint & Garlic for Horses - 2kg Bag, £24.95, [ No Image ], Estimated dispatch within 24 working hours, 126858
Name,Price,Image,Estimated,Code
Harkers Spartrix Treatment For Canker for Pigeons - 10mg Tablet » Pack of 50, £21.91, [ No Image ], Estimated dispatch within 2 working days, 118826
Name,Price,Image,Estimated,Code
Equimins Egg Shell Improver - 500g Tub, £2.73, [ No Image ], Estimated dispatch within 24 working hours, 144431
Equimins Egg Shell Improver - 1kg Tub, £4.59, [ No Image ], Estimated dispatch within 24 working hours, 144432
Equimins Egg Shell Improver - 1.5kg Tub, £6.23, [ No Image ], Estimated dispatch within 24 working hours, 144433
Name,Price,Image,Estimated,Code
Harkers Harka-verm Liquid Wormer for Birds - 100ml Bottle, £7.60, [ No Image ], Estimated dispatch within 24 working hours, 118804
Name,Price,Image,Estimated,Code
Equimins Pure Seaweed - 1kg Tub, £5.78, [ No Image ], Estimated dispatch within 24 working hours, 144436
Name,Price,Image,Estimated,Code
Johnsons Poultry Mite & Lice Powder - 250g Bottle, £4.33, [ No Image ], Estimated dispatch within 2 working days, 121914
Name,Price,Image,Estimated,Code
Ace High - 50g Tub, £6.31, http://static2.viovet.co.uk/pi/image_import_1434367756.png, Estimated dispatch within 2 working days, 180433
Name,Price,Image,Estimated,Code
Johnsons Pigeon Tonic Gold - 500ml Bottle, £5.74, http://static2.viovet.co.uk/pi/image_import_1281355208.jpg, Estimated dispatch within 2 working days, 121907
Name,Price,Image,Estimated,Code
Battles Poultry Drink - 250ml Bottle, £3.91, http://static2.viovet.co.uk/pi/image_import_1332496002.jpg, Estimated dispatch within 24 working hours, 131243
Name,Price,Image,Estimated,Code
Protexin Professional - 10 x 5g Sachets, £33.66, http://static1.viovet.co.uk/pi/image_import_1472547329.jpg, Estimated dispatch within 24 working hours, 112103
Name,Price,Image,Estimated,Code
Net-Tex Anti Feather Pecking Spray for Poultry - 250ml Spray, £6.58, http://static1.viovet.co.uk/pi/image_import_1472210521.jpg, Estimated dispatch within 2 working days, 127856
Name,Price,Image,Estimated,Code
F10 Products Antiseptic Solution - 200ml Bottle, £13.49, [ No Image ], Estimated dispatch within 2 working days, 119940
Name,Price,Image,Estimated,Code
Net-Tex Seaweed And Bioflavanoids Poultry Liquid Tonic - 100ml Bottle, £4.47, [ No Image ], Estimated dispatch within 24 working hours, 127864
Net-Tex Seaweed And Bioflavanoids Poultry Liquid Tonic - 250ml Bottle, £6.62, [ No Image ], Estimated dispatch within 2 working days, 127865
Net-Tex Seaweed And Bioflavanoids Poultry Liquid Tonic - 500ml Bottle, £12.39, [ No Image ], Estimated dispatch within 24 working hours, 127866
Name,Price,Image,Estimated,Code
Barrier Scaly Leg Spray for Poultry - 500ml Spray, £11.11, [ No Image ], Estimated dispatch within 24 working hours, 128665
Name,Price,Image,Estimated,Code
Farm & Yard Remedies Chicken Wormwood - 50ml Bottle, £4.67, [ No Image ], Estimated dispatch within 2 working days, 131254
Name,Price,Image,Estimated,Code
Harkers Eradication Of Red Mites Duramitex Plus for Pigeons - 500ml Spray, £9.40, http://static2.viovet.co.uk/pi/image_import_1412599020.jpg, Estimated dispatch within 2 working days, 155071
Name,Price,Image,Estimated,Code
Harkers Adenoplus for Racing Pigeons - 50g Tub, £12.38, [ No Image ], Estimated dispatch within 2 working days, 149566
Name,Price,Image,Estimated,Code
Biolink Poultry Tonic - 100ml, £3.50, http://static1.viovet.co.uk/pi/image_import_1468325127.jpg, Estimated dispatch within 24 working hours, 223585
Biolink Poultry Tonic - 500ml, £8.71, http://static1.viovet.co.uk/pi/image_import_1468325127.jpg, Estimated dispatch within 24 working hours, 223588
Name,Price,Image,Estimated,Code
Bird Barrier Scaly Leg Ointment - 400ml Tub, £10.32, [ No Image ], Estimated dispatch within 24 working hours, 138080
Name,Price,Image,Estimated,Code
Equimins Omega Oil for Hens - 1 litre Bottle, £6.51, [ No Image ], Estimated dispatch within 24 working hours, 144435
Name,Price,Image,Estimated,Code
Smite Red Mite/Parasite Treatment & Disinfectant - Concentrate » 1 litre Bottle, £12.58, http://static1.viovet.co.uk/pi/image_import_1309252109.jpg, Estimated dispatch within 2 working days, 126167
Smite Red Mite/Parasite Treatment & Disinfectant - Organic Mite Powder » 350g Bottle, £9.79, http://static2.viovet.co.uk/pi/image_import_1309252300.jpg, Estimated dispatch within 2 working days, 126168
Name,Price,Image,Estimated,Code
NAF Life Guard Tonic for Poultry - 250ml Bottle, £12.14, [ No Image ], Estimated dispatch within 24 working hours, 126944
NAF Life Guard Tonic for Poultry - 500ml Bottle, £21.27, [ No Image ], Estimated dispatch within 24 working hours, 126945
NAF Life Guard Tonic for Poultry - 1 litre Bottle, £28.45, [ No Image ], Estimated dispatch within 24 working hours, 126943
Name,Price,Image,Estimated,Code
Harkers Treatment of Trichomoiasis Harkanker for Pigeons - 10 x Sachets, £16.37, [ No Image ], Estimated dispatch within 2 working days, 118825
Name,Price,Image,Estimated,Code
Harkers Vykil Loft Disinfectant for Pigeons - 500ml Bottle, £7.94, [ No Image ], Estimated dispatch within 2 working days, 118806
Name,Price,Image,Estimated,Code
Johnsons Poultry Housing Spray - 250ml Spray, £3.32, [ No Image ], Estimated dispatch within 2 working days, 121913
Name,Price,Image,Estimated,Code
NAF Life-Guard Apple Cider Vinegar for Poultry - 5 litre Bottle, £16.52, [ No Image ], Estimated dispatch within 24 working hours, 126947
Name,Price,Image,Estimated,Code
Harkers Hormova Vitamin Mineral Feed Supplement for Pigeons - 400g Tub, £6.18, [ No Image ], Estimated dispatch within 2 working days, 118799
Name,Price,Image,Estimated,Code
Harkers Harkaverm Wormer for Pigeons - 50 x Tablets, £11.57, [ No Image ], Estimated dispatch within 2 working days, 118818
Name,Price,Image,Estimated,Code
NAF Life-Guard Apple Cider Vinegar for Poultry - 5 litre Bottle, £16.52, [ No Image ], Estimated dispatch within 24 working hours, 126947
Name,Price,Image,Estimated,Code
NAF Life-Guard Garlic Granules for Poultry - 350g Tub, £4.60, [ No Image ], Estimated dispatch within 24 working hours, 126949
NAF Life-Guard Garlic Granules for Poultry - 1kg Tub, £10.91, [ No Image ], Out of stock, due back soon, 126948
Name,Price,Image,Estimated,Code
Farm and Yard Remedies Chicken Immune - 50ml Bottle, £5.48, [ No Image ], Estimated dispatch within 2 working days, 131259
Name,Price,Image,Estimated,Code
Barrier Mite X for Pigeons - 150ml Bottle, £5.59, [ No Image ], Estimated dispatch within 24 working hours, 128676
Name,Price,Image,Estimated,Code
NAF Life-Guard Mint & Garlic for Poultry - 275g Tub, £5.59, [ No Image ], Estimated dispatch within 24 working hours, 126950
Name,Price,Image,Estimated,Code
Nutrimin Cider Vinegar - 1 litre Bottle, £4.51, [ No Image ], Estimated dispatch within 2 working days, 121929
Name,Price,Image,Estimated,Code
Equimins Garlic & Mint - 500g Tub, £6.10, [ No Image ], Estimated dispatch within 24 working hours, 144440
Name,Price,Image,Estimated,Code
Battles Easyverm - 250g Tub, £8.60, [ No Image ], Estimated dispatch within 24 working hours, 152058
Name,Price,Image,Estimated,Code
Battles Rooster Booster - 125g Tub, £4.47, [ No Image ], Estimated dispatch within 24 working hours, 131228
Name,Price,Image,Estimated,Code
Farm & Yard Remedies Chicken Boost Red Mite - 50ml Bottle, £4.58, [ No Image ], Estimated dispatch within 2 working days, 131256
Name,Price,Image,Estimated,Code
Battles Cider Vinegar & Garlic for Poultry - 1 litre Bottle, £5.77, [ No Image ], Estimated dispatch within 24 working hours, 137489
Name,Price,Image,Estimated,Code
Battles Poultry Scaly Leg Formula - 250ml Spray, £5.60, [ No Image ], Estimated dispatch within 24 working hours, 153389
Name,Price,Image,Estimated,Code
Battles Poultry Red Mite Powder - 500g Tub, £7.91, [ No Image ], Estimated dispatch within 24 working hours, 131229
Battles Poultry Red Mite Powder - 2kg Tub, £28.38, [ No Image ], Estimated dispatch within 24 working hours, 157595
Name,Price,Image,Estimated,Code
Farm & Yard Chicken Squits - 50ml Bottle, £4.51, [ No Image ], Estimated dispatch within 2 working days, 142880
Name,Price,Image,Estimated,Code
Global Herbs Garlic Granules - 500g Tub, £3.50, [ No Image ], Estimated dispatch within 24 working hours, 144446
Name,Price,Image,Estimated,Code
NAF Life-Guard Seaweed for Poultry - 400g Tub, £4.66, [ No Image ], Estimated dispatch within 24 working hours, 126953
Name,Price,Image,Estimated,Code
Battles Cider Vinegar for Poultry - 1 litre Bottle, £5.32, [ No Image ], Estimated dispatch within 24 working hours, 131238
Name,Price,Image,Estimated,Code
Farm and Yard Remedies Chicken Legs - 100ml Bottle, £8.40, [ No Image ], Estimated dispatch within 2 working days, 131258
Name,Price,Image,Estimated,Code
Global Herbs Immunotech - 250ml Bottle, £7.21, [ No Image ], Out of stock since Fri 29th Jan 2016, due back soon, 144447
Name,Price,Image,Estimated,Code
Global Herbs Loose Dropping Formula - 500g Tub, £12.34, [ No Image ], Estimated dispatch within 24 working hours, 144449
Name,Price,Image,Estimated,Code
Battles Poultry Insect Killer Kit - Pack of one, £12.52, http://static2.viovet.co.uk/pi/image_import_1468397068.jpg, Estimated dispatch within 24 working hours, 223676
Name,Price,Image,Estimated,Code
Net-Tex Poultry Septi-Clense - Spray » 200ml Aerosol, £4.85, http://static1.viovet.co.uk/pi/image_import_1421074797.jpg, Estimated dispatch within 2 working days, 127877
Name,Price,Image,Estimated,Code
Equimins Dy-nomite for Poultry - 500g Bottle, £6.74, [ No Image ], Estimated dispatch within 24 working hours, 144439
Name,Price,Image,Estimated,Code
Global Herbs Mite Spray - Housing » 500ml Spray, £8.65, [ No Image ], Estimated dispatch within 24 working hours, 144451
Global Herbs Mite Spray - Leg » 100ml Spray, £7.49, [ No Image ], Estimated dispatch within 24 working hours, 144450
Name,Price,Image,Estimated,Code
Battles Poultry Stockholm Tar - 400g Tub, £8.27, [ No Image ], Estimated dispatch within 24 working hours, 131239
Name,Price,Image,Estimated,Code
Verm-X Keep-Well Pelleted Poultry Tonic - 250g Tub, £12.46, http://static2.viovet.co.uk/pi/image_import_1281356940.jpg, Estimated dispatch within 2 working days, 121921
Name,Price,Image,Estimated,Code
Biolink Diatom - 15kg Tub, £97.11, [ No Image ], Estimated dispatch within 24 working hours, 147650
Name,Price,Image,Estimated,Code
Verm-X Pellets for Caged Birds - 100g Tube, £4.50, [ No Image ], Estimated dispatch within 2 working days, 149168
Name,Price,Image,Estimated,Code
Battles Poultry Antibacterial Powder - 20g, £3.82, http://static1.viovet.co.uk/pi/image_import_1468397445.jpg, Estimated dispatch within 24 working hours, 223679
Name,Price,Image,Estimated,Code
Hilton Herbs Daily Hen Help - 500ml Bottle, £14.50, [ No Image ], Estimated dispatch within 24 working hours, 150697
Hilton Herbs Daily Hen Help - 1 litre Bottle, £24.71, [ No Image ], Estimated dispatch within 24 working hours, 125342
Name,Price,Image,Estimated,Code
Johnsons Poultry Virenza Disinfectant - 500ml Bottle, £4.08, [ No Image ], Estimated dispatch within 24 working hours, 121938
Johnsons Poultry Virenza Disinfectant - 5 litre Bottle, £16.74, [ No Image ], Estimated dispatch within 2 working days, 121934
Name,Price,Image,Estimated,Code
Johnsons Poultry Anti-pek Pump Spray - 100ml Spray, £2.84, [ No Image ], Estimated dispatch within 2 working days, 121912
Name,Price,Image,Estimated,Code
Equimins Vital Vits+ - 250ml Bottle, £4.78, [ No Image ], Estimated dispatch within 24 working hours, 144437
Equimins Vital Vits+ - 1 litre Bottle, £10.10, [ No Image ], Estimated dispatch within 24 working hours, 144438
Name,Price,Image,Estimated,Code
Global Herbs Chill Out for Chickens - 250ml Bottle, £8.66, [ No Image ], Estimated dispatch within 24 working hours, 144444
Name,Price,Image,Estimated,Code
Global Herbs Revitaliser - 250ml Bottle, £7.70, [ No Image ], Estimated dispatch within 24 working hours, 144452
Name,Price,Image,Estimated,Code
Colombovac PMV Suspension for Pigeons - 10ml (50 Dose), £18.30, [ No Image ], Out of stock: Supplier advise delivery early december 201, 159729
Colombovac PMV Suspension for Pigeons - 20ml (100 Dose), £32.81, [ No Image ], Out of stock since Thu 10th Dec 2015, due back soon, 159727
Name,Price,Image,Estimated,Code
Battles Poultry Comb & Wattle Winter Protector - 175g pot, £3.43, http://static1.viovet.co.uk/pi/image_import_1468397619.jpg, Estimated dispatch within 24 working hours, 223682
Name,Price,Image,Estimated,Code
Harkers Hormoform - 2.5kg Bag, £11.12, http://static1.viovet.co.uk/pi/image_import_1278576755.jpg, Estimated dispatch within 24 working hours, 118803
Harkers Hormoform - 20kg Bag, £55.40, http://static2.viovet.co.uk/pi/image_import_1278579578.jpg, Estimated dispatch within 2 working days, 118834
Name,Price,Image,Estimated,Code
Johnsons Poultry ACV Conditioner - 500ml Bottle, £4.23, [ No Image ], Estimated dispatch within 2 working days, 121910
Name,Price,Image,Estimated,Code
Johnsons Poultry Antibacterial Powder - 20g Pot, £3.01, [ No Image ], Estimated dispatch within 2 working days, 121911
Name,Price,Image,Estimated,Code
NAF Life-Guard Omega Oil for Poultry - Poultry » 1 litre Bottle, £8.97, [ No Image ], Estimated dispatch within 24 working hours, 142391
Name,Price,Image,Estimated,Code
Global Herbs Egg Plus for Chickens - 500g Tub, £7.26, [ No Image ], Estimated dispatch within 24 working hours, 144445
Name,Price,Image,Estimated,Code
Global Herbs Seaweed - 500g Tub, £4.66, [ No Image ], Estimated dispatch within 24 working hours, 144453
Name,Price,Image,Estimated,Code
Vetark Nutrogrub - 300g Tub, £4.48, [ No Image ], Estimated dispatch within 2 working days, 143171
Name,Price,Image,Estimated,Code
Net-Tex Herbal Gut Conditioner for Poultry - 250ml Bottle, £17.26, http://static2.viovet.co.uk/pi/image_import_1330700334.png, Estimated dispatch within 24 working hours, 127874
Name,Price,Image,Estimated,Code
Battles Poultry Louse Powder - 750g Tub, £14.90, [ No Image ], Estimated dispatch within 24 working hours, 131235
Name,Price,Image,Estimated,Code
Harkers Loft Treatment for Pigeons - 1.8kg Bag, £6.62, http://static2.viovet.co.uk/pi/image_import_1278579448.jpg, Estimated dispatch within 2 working days, 118836
Harkers Loft Treatment for Pigeons - 10kg Bag, £26.50, http://static2.viovet.co.uk/pi/image_import_1278579448.jpg, Estimated dispatch within 24 working hours, 118831
Name,Price,Image,Estimated,Code
Net-Tex Herbal Gut Conditioner for Poultry - 250ml Bottle, £17.26, http://static2.viovet.co.uk/pi/image_import_1330700334.png, Estimated dispatch within 24 working hours, 127874
Name,Price,Image,Estimated,Code
Global Herbs Breathe Free for Chickens - 250ml Bottle, £6.24, [ No Image ], Estimated dispatch within 24 working hours, 144442
Name,Price,Image,Estimated,Code
Global Herbs Herbal Lice Powder - 200g Tub, £8.65, [ No Image ], Estimated dispatch within 24 working hours, 144448
Name,Price,Image,Estimated,Code
Verm-X for Racing Pigeons - 500ml Bottle, £30.07, http://static2.viovet.co.uk/pi/image_import_1471507772.jpg, Estimated dispatch within 2 working days, 149163
Verm-X for Racing Pigeons - 1 litre Bottle, £51.12, http://static2.viovet.co.uk/pi/image_import_1471507772.jpg, Out of stock since Tue 18th Jun 2013, due back soon, 149160
Verm-X for Racing Pigeons - 5 litre Bottle, £238.18, http://static2.viovet.co.uk/pi/image_import_1471507772.jpg, Out of stock since Wed 12th Jun 2013, due back soon, 149162
Name,Price,Image,Estimated,Code
Groom Away Aloe Vera Juice for Poultry & Dogs - 500ml bottle, £6.11, http://static2.viovet.co.uk/pi/image_import_1468397842.png, Estimated dispatch within 24 working hours, 223685
